name,birthday
Audrie,12/12/2000
Corey,7/24/1998
L;urette,1/4/1957
Jacqui,2/27/1917
Kalila,3/17/1946
Moselle,5/12/1996
Issie,1/10/1904
Brittney,11/18/1936
Regen,9/2/1942
Hermy,7/31/1907
Gennifer,10/9/2017
Shea,4/6/1990
Jaquith,8/2/1915
Tamiko,6/15/1995
Adan,11/16/1949
Nisse,2/11/1956
Gregoire,4/16/2006
Claybourne,2/7/1967
Sheba,11/14/2014
Bing,10/14/1968
Bone,7/5/1996
Jarrett,12/22/1935
Davide,7/31/1937
Corinna,10/18/1983
Bald,10/1/1997
Donnajean,6/30/2000
Allan,8/25/1911
Joycelin,11/9/2006
Yvon,2/19/1948
Misti,8/17/2003
Kristofer,3/12/1925
Paulie,5/9/1965
Coleen,2/15/1987
Constancia,11/3/1921
Guenna,11/19/1936
Rina,6/1/1932
Joceline,6/14/1918
Constantia,8/3/2003
Patrick,8/16/2009
Christoph,12/4/1903
Cristal,10/14/2006
Amalita,1/28/1937
Ellene,11/6/1954
Donaugh,7/25/1908
Andreana,8/3/1988
Florie,11/25/1963
Joya,10/20/1902
Pru,7/6/1950
Laurens,3/6/1932
Annnora,11/6/1981
Hedwiga,1/8/1925
Meyer,9/6/1931
Gaye,9/12/1974
Carine,7/4/1944
Nertie,2/4/1962
Etti,9/2/1910
Yehudit,12/14/1979
Erminie,4/3/2008
Lanni,7/9/1974
Salmon,1/14/1923
Guido,2/10/1973
Nadine,12/3/1958
Ardine,9/14/1954
Benn,9/5/1920
Dee,7/26/1932
Shelly,9/23/1909
Alvira,5/21/1965
Hilton,6/20/1950
Rudy,5/27/1924
Allina,7/4/1976
Sheff,10/28/1929
Carlye,3/6/1920
Sybille,8/18/2014
Larissa,4/28/1921
Avigdor,12/12/1964
Blake,1/9/2010
Martguerita,4/12/2005
Dayle,11/17/1943
Joni,6/26/1906
Dalia,1/7/1932
Jennette,4/22/1906
Antonia,7/30/1955
Ragnar,1/3/1990
Erny,3/24/2001
Trixy,11/13/1978
Michaelina,5/19/1975
Murielle,6/2/1969
Giulietta,6/24/1908
Kaitlynn,8/22/1958
Ham,11/2/1966
Adrienne,2/11/1964
Debera,3/1/2003
Jacquette,5/6/2008
Benedicto,2/12/1980
Nial,8/2/1980
Christel,7/22/1933
Arlana,9/2/2006
Adrien,7/1/1907
Anetta,3/19/1990
Conant,4/4/1961
Lanny,8/14/1994
Ray,11/1/2016
Jobye,8/2/1946
Cordy,3/13/1942
Casie,6/29/1952
Bord,10/11/1987
Falkner,6/13/1966
Salomi,6/28/1960
Richardo,7/14/1933
Anatole,12/18/1958
Roz,6/21/1938
Mitch,7/10/1977
Emanuele,1/7/2006
Monti,6/9/2005
Edwin,10/28/1930
Ralina,11/12/1931
Javier,5/2/1941
Patten,11/17/1942
Yvon,1/7/1970
Fancie,6/25/1997
Marshal,3/28/1943
Amity,9/12/1933
Siouxie,5/2/2018
Stanton,7/19/1920
Donny,8/1/2011
Garrek,1/5/1966
Florrie,1/7/1995
Kylie,11/8/1966
Delia,4/2/1946
Hatty,6/20/1996
Peyton,7/16/1935
Shanta,2/8/1955
Livvy,3/19/2009
Angelica,1/7/2003
Meir,1/15/2016
Anitra,1/12/1993
Zelda,12/7/1938
Yulma,6/7/1931
Casper,11/15/1938
Dani,3/2/1985
Dulcea,9/19/1995
Seamus,8/11/1976
Waneta,3/14/1936
Ichabod,2/7/1969
Marquita,12/3/2012
Alisun,11/8/1963
Hartley,5/14/1919
Forrester,3/24/2000
Anthiathia,8/27/1966
Alexandre,4/5/1977
Mercie,12/6/1961
Nealy,12/31/1907
Addia,8/15/1990
Betteanne,1/1/1957
Berny,10/2/1989
Kass,6/13/1933
Anissa,1/2/1977
Cristi,3/5/2002
Barth,3/29/2003
Skelly,8/7/1939
Axe,9/29/1977
Trenna,1/7/1944
Jonis,7/15/1967
Cherice,9/19/1979
Garreth,5/14/1949
Samara,6/24/1947
Rozanne,1/29/2000
Karoline,7/28/1952
Annemarie,7/16/1909
Dunn,12/4/1967
Korrie,6/5/1970
Nicolais,5/27/1909
Tiff,12/30/1929
Harrietta,5/5/2010
Merilyn,5/21/1926
Winthrop,12/8/1909
Michel,6/7/1957
Gavrielle,10/12/2007
Culver,4/3/1955
Dian,5/19/1988
Tirrell,3/3/2007
Wynn,7/6/1976
Andy,11/13/1990
Patin,4/22/1956
Rory,12/6/2013
Kimball,6/10/1904
Chrissie,6/22/1970
Odell,3/31/1905
Josiah,10/3/1978
Shawn,5/10/1933
Cairistiona,4/21/1943
Othello,3/7/2011
Tallia,1/4/1962
Willamina,7/19/2015
Dorise,4/15/1903
Townie,9/5/1929
Ximenez,9/8/1928
Sadella,5/29/1928
Piotr,1/15/2009
Keven,7/18/1996
Natasha,7/11/1987
Stoddard,1/27/1993
Hanna,4/14/2013
Toby,10/8/1947
Reynolds,12/19/1968
Lenci,9/4/1997
Tanhya,10/9/2017
Marven,4/24/1946
Emmalynne,4/24/1978
Rasla,5/27/1933
Lodovico,5/2/1962
Lucio,10/27/1945
Kitti,4/26/1936
Adrian,5/5/1936
Harp,10/9/1978
Corabelle,3/3/1903
Emmerich,2/1/1948
Almeta,5/18/1973
Annadiana,11/4/1986
Joelynn,6/12/2013
Elspeth,7/3/1975
Taffy,5/30/1990
Vick,7/19/1955
Duane,10/25/1917
Fee,8/23/1998
Buffy,10/7/2016
Lay,7/1/1907
Abraham,12/9/1908
Matthew,5/22/1983
Margaux,5/27/2014
Martguerita,1/4/1934
Cordie,5/24/1986
Dasya,7/2/1966
Almira,4/18/1942
Meryl,5/16/2008
Barr,10/20/1934
Jens,8/9/2009
Ebeneser,10/7/1964
Lin,9/5/1935
Ker,3/17/1964
Katey,3/17/1915
Tobin,7/27/1942
Tye,10/20/1938
Estrella,7/30/1982
Jeanie,6/10/2018
Rolando,9/24/1996
Marcy,12/19/1989
Roley,9/14/2012
Donella,1/4/1962
Mada,11/28/1937
Cleve,8/15/1913
Kenn,7/19/1927
Kirsten,6/28/1985
Sella,12/19/1999
Raddy,10/5/1947
Akim,3/21/1969
Aaren,9/25/1939
Tamiko,9/17/1970
Lothaire,7/6/2018
Stephine,5/7/1929
Waneta,1/4/1970
Hadlee,9/5/1950
Stuart,8/20/1911
Cele,3/8/1981
Joceline,5/31/1961
Gelya,9/24/1914
Dewie,2/5/2008
Alessandro,9/20/2002
Dredi,11/28/1923
Gallard,4/27/2001
Carlita,2/16/1956
Simonette,9/21/1902
Saree,4/21/2013
Perrine,11/22/1992
Denny,4/10/2007
Osborne,6/13/2013
Barnebas,6/29/2004
Nyssa,11/15/1957
Carilyn,2/7/2019
Barny,9/21/1985
Sumner,1/25/1979
Lacie,9/4/1904
Elinor,4/27/1909
Geralda,5/30/1903
Berrie,5/6/2013
Shell,1/20/1978
Delbert,5/6/1923
Silvan,12/31/1931
Trixi,11/19/1901
Carmina,1/17/1984
Ogdon,6/16/2007
Bil,2/7/1979
Spike,1/12/1931
Jenn,7/11/1903
Eadith,3/25/2006
Timothea,11/13/1937
Pen,11/23/2013
Codee,2/3/1949
Sonja,5/22/1975
Abbott,3/14/2009
Kip,1/26/1971
Stavros,1/21/1940
Susannah,2/20/2009
Hilly,6/29/1901
Isadore,1/1/1973
Jarrad,1/1/1984
Rodolph,10/27/2001
Celinda,3/20/1911
Karleen,7/21/1939
Adan,6/20/1997
Ceciley,2/16/1955
Stephanus,11/4/1912
Marla,5/2/1966
Miller,8/2/1915
Wyndham,3/6/1939
Benedicta,12/20/1931
Abigael,9/27/1964
Joellen,11/17/1971
Herc,3/2/1949
Charyl,3/26/1954
Irwin,5/19/2009
Meryl,4/14/1930
Fenelia,4/12/1933
Theresa,2/20/1958
Mattias,2/8/1985
Tiff,2/15/2014
Roby,9/16/1976
Rollo,2/11/1952
Samuele,9/19/1995
Mathe,11/28/1947
Lindon,8/8/1962
Robinet,2/1/1968
Torey,10/2/1922
Shir,2/21/2017
Emmi,1/2/1949
Windham,12/18/1929
Wainwright,9/12/2002
Nancy,9/5/1983
Manya,4/18/2012
Nyssa,10/17/1900
Daria,4/6/1983
Dacia,6/10/1969
Carmine,1/16/1994
Lukas,3/26/2009
Quintus,4/29/2011
Web,11/10/1925
Estrella,11/13/1975
Nappy,12/1/1960
Hewe,12/17/1980
Law,5/6/1998
Crin,7/19/2012
Alvira,8/10/2003
Woody,7/27/1934
Phedra,2/29/1916
El,11/10/1905
Roderic,8/21/1982
Miranda,10/7/1926
Tulley,9/23/1959
Rowe,4/4/1940
Malissia,9/9/1924
Bibby,12/7/1969
Hewe,10/3/1949
Parsifal,11/7/1941
Giralda,8/24/1973
Kingston,7/11/1971
Mariel,5/15/1954
Ansell,5/18/1947
Mal,12/9/1901
Basilius,6/29/2016
Jaimie,11/19/1957
Bearnard,3/29/1939
Ruperto,11/29/1973
Evaleen,2/12/1924
Rosabelle,9/16/1962
Whitman,10/16/1944
Sky,4/7/1919
Elfie,3/17/1937
Barbabas,7/2/2009
Pete,10/10/1950
Paco,4/26/1909
Lavina,9/22/1908
Loralyn,8/15/1908
Humfrid,1/8/2017
Jeanie,1/25/1948
Janice,1/30/2014
Sherlock,9/17/1936
Israel,10/19/1999
Benedetto,1/29/1996
Tabb,9/17/1921
Thatcher,12/7/1955
Giffy,6/5/1970
Yuri,5/28/1984
Ilene,12/3/1946
Jsandye,9/23/1909
Stern,12/12/1966
Ellene,9/12/1987
Jens,9/30/1963
Calla,12/30/1916
Heinrik,9/21/1983
Audie,7/9/1913
Arthur,2/9/1929
Isis,3/9/1970
Jemmie,8/19/1963
Dari,6/18/1919
Anita,3/17/1932
Hebert,10/27/1971
Katherina,2/18/1926
Halley,6/15/1921
Parrnell,8/26/1961
Kylynn,5/22/1990
Sammy,1/4/1976
Romola,5/22/1991
Warner,1/31/1971
Drew,11/18/1992
Seumas,3/31/1975
Morten,10/31/1921
Lucias,5/4/1997
Rodger,7/31/1932
Giovanna,12/12/1964
Remington,9/5/1944
Tripp,6/18/1985
Silvana,12/28/1923
Ania,4/28/1916
Veda,11/5/2016
Hendrika,10/23/1958
Sutherlan,12/19/1929
Sharron,3/26/1902
Madlen,3/10/1982
Georgeta,3/31/1982
Cooper,3/17/1940
Sal,11/17/1909
Powell,7/27/2017
Yule,4/12/1957
Bartlet,9/30/1954
Jeniffer,3/7/1945
Glenn,4/15/1925
Tina,5/11/1959
Adelice,9/12/1970
Dene,11/5/1947
Melinda,4/11/1911
Elton,12/20/2017
Hadrian,2/4/1942
Sibyl,6/1/1930
Joyous,1/25/1932
Megan,10/22/1955
Durante,3/17/1993
Granthem,3/10/1947
Konstanze,7/26/2018
Lamond,4/22/1974
Ettie,2/17/1958
Francklin,12/25/1956
Yehudi,1/18/1924
Herbie,12/3/1950
Selig,12/5/1979
Doro,9/21/2013
Antoinette,1/13/1957
Sherline,12/26/1920
Waly,3/24/1916
Cynthia,3/23/1941
Maximo,1/13/1989
Carlee,6/6/1921
Clarinda,12/7/1979
Amandie,9/30/1959
Victor,5/22/1939
Daffy,10/9/1972
Jessalin,11/3/1902
Claus,4/25/1964
Margaretta,11/9/1996
Sarajane,5/22/1950
Elvira,2/28/1966
Erik,3/11/1999
Madelina,7/1/2014
Sholom,5/3/1999
Britt,1/11/1957
Gwenni,1/27/1945
Henriette,6/10/1991
Robbert,6/25/1999
Graeme,11/11/1994
Gwynne,12/7/1920
Maximilien,5/12/1929
Audrye,8/16/1928
Filmer,2/24/1906
Kenn,9/23/1979
Zacherie,11/5/1997
Stirling,8/14/1912
Koral,7/4/1932
Gwyn,10/14/1972
Melisande,2/14/1989
Carver,12/30/1925
Elsa,8/15/2011
Dennie,6/9/1940
Rafael,12/21/1978
Lilias,2/28/1911
Harrison,11/1/2009
Oralia,9/1/2007
Gav,5/13/1906
Bev,12/1/1943
Mureil,1/28/2019
Teodor,1/31/1948
Amabel,8/3/1948
Crista,11/1/1986
Mariya,9/13/1930
Michaela,7/12/1938
Selig,7/23/1932
Vannie,3/8/1998
Chanda,11/14/1926
Jessy,6/3/1994
Karlens,1/20/1939
Newton,4/8/1987
Karlens,8/27/1900
Gerianna,6/29/1995
Keene,11/2/1989
Fee,6/11/1923
Kip,4/1/2014
Jessa,3/15/1916
Ediva,8/24/1935
Aleksandr,4/5/2002
Charmion,10/7/1984
Marc,9/29/2010
Johny,12/9/1939
Wilburt,10/16/1909
Rowland,2/23/2015
Dierdre,11/1/1921
Marchall,8/30/1983
Kermie,4/22/1966
Artair,7/14/1921
Jessey,7/5/1974
Rois,1/9/2017
Katha,9/11/1969
Allyce,8/5/1925
Tadeas,6/28/1992
Bev,5/26/1923
Karoly,8/14/1922
Kylen,6/2/1928
Dav,9/8/1965
Phillie,10/6/1906
Errol,10/6/1969
Marquita,5/21/1967
Carla,9/28/1962
Lottie,9/22/1915
Garrick,7/29/1936
Eugenius,11/21/1927
Blayne,5/23/1948
Shem,3/18/1957
Tobias,2/7/1940
Emelen,7/18/1926
Ruprecht,3/6/1976
Druci,2/28/1973
Joceline,10/16/1996
Ingelbert,9/9/2015
Thaxter,5/3/1911
Annalise,3/7/1997
Malinde,3/31/1979
Alberto,2/21/1970
Newton,3/4/2012
Loutitia,6/20/1912
Saudra,9/21/1995
Wilek,11/3/2006
Teressa,5/22/1925
June,2/3/1952
Griz,1/27/2000
Jenifer,5/4/1989
Artemis,12/3/1990
Mead,9/4/1964
Casi,1/22/1907
Wendel,3/7/1964
Clevie,12/25/1913
Christal,12/27/1995
Cull,9/20/1933
Callean,10/6/1969
Charmian,5/9/1961
Tansy,12/17/1900
Nobie,9/4/1970
Aleta,7/29/1937
Shanan,9/9/1981
Zoe,7/30/1933
Clemmie,11/30/1930
Allison,2/20/1912
Diarmid,7/1/2012
Gretal,10/22/1971
Goran,8/5/1923
Reggie,1/3/1978
Everett,1/5/1904
Belva,12/8/1953
Maurie,5/7/2002
Patrice,12/9/1972
Tobye,2/23/1986
Lanna,12/4/1937
Christa,9/3/1944
Hyacinthia,6/30/1933
Lori,12/27/1908
Winne,1/5/1989
Corrie,7/7/1984
Robin,1/12/2013
Major,9/23/1965
Joletta,9/22/1925
Harcourt,9/4/2015
Carrol,11/29/2005
Phip,4/22/1908
Fletcher,11/4/1938
Webster,9/30/1927
Budd,9/8/2010
Doroteya,6/28/1906
Paddy,10/22/1938
Munroe,1/21/1978
Morie,3/11/1930
Fawnia,9/17/1979
Thomasin,10/26/1998
Sasha,6/5/2003
Mylo,3/8/1985
Fawn,7/6/1905
Anne-corinne,12/14/2012
Barrett,7/5/1922
Jereme,2/6/1983
Trudi,3/18/1927
Solomon,1/20/1940
William,11/1/1919
Myrtle,8/20/1906
Gillan,10/16/1989
Louie,11/7/2015
Dickie,7/17/1967
Toby,4/7/2017
Nicolina,7/31/1970
Munmro,3/19/1999
Jenelle,1/28/1993
Osbourn,10/18/1971
Dallas,3/3/1937
Rowland,2/5/1932
Malcolm,3/26/1945
Patrizius,1/20/1901
Laurel,12/2/1935
Theodosia,5/23/2007
Jacquenette,7/21/1929
Giraud,3/16/1991
Toddy,8/6/1915
Harald,1/26/1985
Bernard,9/9/1970
Shanda,3/20/2019
Kylen,8/25/1911
Kylen,10/25/1944
Michaelina,3/27/2015
Bendicty,10/22/1961
Bamby,11/19/2004
Ethelin,9/15/1952
Early,7/14/2005
Aldwin,5/22/1963
Hyacinthe,2/7/1961
Gwenny,8/24/1999
Daven,10/31/2005
Angelita,10/17/1925
Korella,4/2/1915
Catlaina,7/31/1908
Olivie,8/19/1924
Cecile,3/21/2004
Quincey,2/22/1997
Dalston,6/8/1905
Chelsea,5/2/1987
Maud,3/12/1949
Tildy,4/19/1939
Rosalynd,8/26/1996
Barbaraanne,9/30/1951
Bonnibelle,2/10/2001
Lacee,11/14/1905
Danit,9/24/1966
Adan,8/6/1920
Shea,12/24/1955
Chicky,5/13/2006
Kat,11/18/1972
Mart,8/16/1928
Stavro,7/23/1960
Pet,10/6/1904
Carin,9/9/1945
Maurits,6/24/1938
Kelci,5/6/1997
Christiano,3/25/1967
Aristotle,7/23/1995
Cornell,1/8/1939
Chad,5/4/1970
Ronalda,2/22/1940
Ali,4/27/1916
Finlay,2/18/1901
Starr,9/6/1964
Kayne,5/11/1919
Cathryn,12/5/1968
Layney,11/18/1985
Lefty,6/5/1915
Winna,1/21/1902
Georgeanne,7/8/1986
Robin,1/10/2003
Consuela,3/27/1911
Kimbra,5/14/1994
Francesca,2/19/1913
Lindsy,6/2/1976
Gale,6/13/1957
Bobbe,1/15/1998
Germaine,6/7/2013
Cyndi,7/3/1902
Seth,10/25/2017
Katya,1/28/1939
Reece,1/14/1947
Virginia,1/19/2018
Andriette,12/7/1965
Thekla,2/1/1969
Ronda,3/28/1959
Rochelle,6/7/2004
Edlin,8/9/1926
Valli,11/11/1978
Whitby,9/3/1991
Kinsley,9/3/2003
Lorne,1/8/1926
Johnathon,12/29/2009
Constancy,10/3/1917
Hubie,6/16/2012
Puff,7/16/1973
Garry,3/2/1973
Ingaborg,12/13/1919
Becki,5/21/1941
Leonerd,6/28/1972
Wade,5/12/1910
Jacki,4/29/1928
Ludwig,7/28/1966
Jsandye,2/18/1981
Netta,11/18/1911
Alysia,6/24/1961
Iolanthe,10/26/2007
Ursula,4/30/1999
Josey,6/2/1920
Wyn,10/9/1985
Zarah,5/25/1925
Lindsy,3/11/1965
Giraud,4/3/1954
Bethany,3/17/1979
Arlette,6/8/1971
Rozele,12/21/1928
Briney,9/17/1955
Erek,10/24/1921
Flint,6/3/1989
Melina,1/5/2002
Demetri,2/25/1935
Byrom,7/10/1913
Jenica,1/16/1941
Tades,9/21/1982
Allan,5/7/1938
Billie,3/23/1987
Booth,1/24/1908
Dorey,1/1/1986
Willard,7/10/1914
Brady,9/26/1933
Patin,4/18/1930
Ginelle,9/12/1967
Templeton,10/16/1975
Hallsy,12/24/1945
Adrian,7/31/1977
Bank,1/30/1990
Deana,12/14/1906
Rozelle,1/26/1904
Josh,12/4/1930
Judith,12/5/1938
Margi,7/22/1917
Jamey,3/11/1959
Jere,10/30/1991
Vladimir,4/24/1958
Gavra,7/31/1964
Hetti,6/22/2017
Gav,4/18/1905
Maddie,4/3/1982
Sonny,8/3/1938
Brandyn,1/27/2017
Eldredge,1/6/1999
Harwilll,9/5/2011
Berny,3/11/1995
Leola,10/15/1965
Anatola,4/28/1937
Janifer,3/10/1982
Omar,3/13/1934
Tomlin,9/16/1948
Berenice,2/12/1926
Irwinn,8/30/1981
Stormy,10/14/1920
Tilda,12/28/1995
Noe,5/5/1975
Land,12/2/1981
Orsola,7/7/1903
Yankee,3/16/2017
Siouxie,7/5/1960
Kiley,11/5/1956
Cayla,1/1/1953
Clovis,2/20/2009
Alix,1/10/1908
Doll,7/30/2012
Flor,5/8/1949
Stirling,10/13/2013
Jayne,12/28/1997
Owen,11/27/1955
Junie,4/17/1912
Grant,4/10/1923
Morgun,4/5/1930
Andre,7/21/1927
Beryle,3/1/1906
Burtie,8/3/1944
Jessalyn,6/24/1904
Caddric,8/25/1923
Boy,1/24/1984
Arvy,5/15/1938
Mercedes,3/14/1907
Fitzgerald,5/9/1971
Karlotte,3/10/1968
Collen,10/17/1914
Silvio,10/9/1956
Vasily,6/24/1968
Theobald,4/2/1985
Piper,8/17/1981
Wallie,5/17/1904
Georgianna,9/9/1990
Harwell,8/11/1911
Evelyn,11/11/1981
Hanson,12/17/2013
Kass,2/1/1933
Rica,2/26/2002
Jeni,3/2/1922
Hurley,5/15/1991
Dmitri,12/10/1963
Tadeas,12/2/1910
Fergus,12/25/1916
Noami,11/17/1974
Donnie,7/14/2002
Pepi,9/3/1968
Dedra,6/28/1954
Carlotta,1/20/2004
Ivar,7/27/1924
Birk,1/20/1994
Lauren,5/26/1967
Boyd,4/16/1955
Tamara,3/1/1996
Kayley,12/4/1936
Alane,11/10/1925
Minnnie,10/9/2000
Alastair,10/27/1966
Bryce,11/8/1908
Arvin,6/16/1920
Ulick,3/17/1994
Stella,12/5/2010
Win,5/18/1969
Sherri,2/2/1925
Cori,3/19/1961
Ursa,3/1/1955
Angelle,4/8/1928
Lammond,3/24/1922
Ranice,1/2/1945
Berta,6/20/1961
Meaghan,6/14/1903
Goldi,12/16/1915
Sutherland,12/7/1969
Kim,11/11/1943
Ferdie,8/5/1981
Felice,5/23/2003
Marilee,7/20/2007
Witty,11/9/1974
Emlyn,9/3/1925
Clarence,4/29/1976
Maggee,8/16/2018
Upton,2/18/1923
Nixie,12/27/1904
Lothaire,11/26/1963
Francisco,4/24/2017
Sophey,5/22/1984
Prinz,1/14/1958
Bard,1/24/1961
Andrew,4/19/2013
Sally,3/4/1906
Merlina,11/19/1937
Giuditta,6/4/1941
Wheeler,8/27/1919
Portia,9/5/2017
Sarette,1/2/1914
Hayden,11/6/1964
Emmery,2/20/1984
Genovera,4/26/1930
Willy,2/23/1997
Rhona,11/29/2001
Gladys,8/7/1977
Mickie,11/27/1990
Sorcha,4/17/2002
Biddie,5/8/1949
Lotti,10/30/1975
Brewster,3/20/1947
Mikaela,1/31/2015
Maire,10/11/1922
Zelda,12/9/1900
Mayor,1/2/1989
Delilah,4/24/1951
Jacintha,11/22/1905
Drusy,9/17/1979
Maggy,11/22/1903
Rora,9/20/1913
Kissee,7/25/2017
Timothy,7/5/1979
Amalea,4/17/1932
Martynne,4/24/1963
Jorrie,8/23/1957
Sadella,6/14/2013
Monika,10/4/1978
Loutitia,1/27/1997
Nikkie,11/10/1932
Gisella,10/10/1952
Kanya,5/2/1996
Cirillo,5/19/1973
Seline,8/21/1998
Norean,4/13/1979
Margareta,12/31/1948
Mendy,6/10/1920
Garnet,11/3/1932
Celestina,3/11/1921
Tiebout,2/4/2007
Viviyan,12/7/1926
Karia,10/30/2008
Ashbey,3/13/1981
Lance,9/26/1957
Guenna,6/18/1910
Eddie,12/8/1979
Deanne,8/10/1969
Giacinta,6/17/1947
Vernon,12/15/1974
Terry,4/24/1979
Keir,4/9/1976
Kane,12/20/1989
Sarina,7/9/2015
Gino,8/11/1951
Edmund,11/3/1919
Guthrey,11/20/1957
Perrine,8/29/2004
Elene,7/23/1957
Alfy,9/6/1988
Malanie,11/8/1909
Lucretia,7/18/1934
Coraline,9/17/1963
Amalle,5/20/2009
Muffin,10/31/1966
Jerrie,3/27/1961
Randie,11/26/1962
Holly,4/23/2017
Marena,12/28/1947
Jo-anne,11/15/1999
Moreen,7/24/1992
Lianna,7/14/1976
Hyman,1/11/1925
Kirsten,1/22/1968
Carlee,6/16/1911
Symon,7/4/1940
Addie,3/12/1982
Abby,1/24/1990
Selena,8/4/2016
Hyatt,9/13/1914
Ola,11/1/1991
Rouvin,11/15/1948
Loydie,12/15/1911
Debbie,4/21/1985
Magda,2/16/1967
Gertruda,8/16/1901
Sindee,1/24/2007
Roz,7/20/1998
Loren,5/19/1987
Adey,10/24/1920
Hadlee,1/19/1905
Kirbee,1/8/1962
Byrann,8/26/2013
Marcello,10/3/1968
Temp,2/2/2017
Tisha,9/16/1997
Yorgo,5/8/1985
Myer,2/1/1990
Tybie,2/15/1931
Lock,9/4/1913
Etan,8/25/1983
Bradly,5/12/2017
Carolee,8/17/2013
Justina,7/5/1937
Dru,11/4/1926
Claire,3/13/1918
Siward,4/30/1973
Griffy,3/15/2007
Kendal,2/25/1930
Angelo,2/24/1939
Shannon,2/13/1990
Andrus,1/2/1918
Orland,11/3/2009
Josselyn,1/4/1950
Sally,9/23/2013
Maribel,2/2/1946
Felecia,3/8/1972
Doria,7/11/1956
Reinhold,2/9/1910
Kev,5/26/1987
Bertrando,6/26/1908
Amaleta,10/3/1940
Giana,7/21/1949
Rona,12/19/1919
Melissa,4/30/1992
Janetta,7/30/1955
Alyssa,1/16/1901
